{"cameraMode":{"drawMode":0,"name":"Shaded","section":"Shading Mode"},"sceneLighting":false,"audioPlay":false,"sceneViewState":{"showFog":true,"showMaterialUpdate":false,"showSkybox":true,"showFlares":true,"showImageEffects":true,"showParticleSystems":true},"in2DMode":false,"pivot":{"x":-7.400001525878906,"y":-79.69999694824219,"z":261.70001220703127},"rotation":{"x":-0.2209312468767166,"y":0.5412706136703491,"z":-0.14998102188110352,"w":-0.7973213195800781},"size":685.8921508789063,"orthographic":false}